Chart,LineId,Image,Vert,Horz,IsDark
谱面,判定线id,图片,垂直宽度,水平拉伸,跟随背景变暗
66228009.json,9,img/歌曲信息.png,0.3,1.042,255
66228009.json,10,img/daqiuqiu.png,0.63, 1.042,255
66228009.json,11,img/sanqiuqiu.png,0.63,1.042,255
66228009.json,12,img/wuqiuquiu.png,0.63,1.042,255
66228009.json,13,img/qiqiuqiu.png,0.63,1.042,255
66228009.json,14,img/vendi.png,0.63,1.042,255
66228009.json,15,img/dayoushiren.png,0.12,1.042,255
66228009.json,16,img/wangshengtangtangzhu.png,0.12,1.042,255
66228009.json,17,img/tianqinghaikuo.png,0.1,1.042,255
66228009.json,18,img/yibosongzou.png,0.35,1.042,255
66228009.json,19,img/ciqingcijing.png,0.1,1.042,255
66228009.json,20,img/zuoshiyishou.png,0.35,1.042,255
66228009.json,21,img/hutaoshihutao.png,0.45,1.042,255
66228009.json,22,img/ao.png,0.7,1.042,255
66228009.json,23,img/hutaobushitao.png,0.45,1.042,255
66228009.json,24,img/huchihaihe.png,0.12,1.042,255
66228009.json,25,img/baitiandaochu.png,0.15,1.042,255
66228009.json,26,img/zaoqi.png,0.13,1.042,255
66228009.json,27,img/wanshui.png,0.13,1.042,255
66228009.json,28,img/chibao.png,0.1,1.042,255
66228009.json,29,img/yilu.png,0.1,1.042,255
66228009.json,30,img/dachoubing.png,0.5,1.042,255
66228009.json,31,img/gouyisongyi.png,0.22,1.042,255
66228009.json,32,img/duogouduode.png,0.22,1.042,255
66228009.json,33,img/shouren.png,0.22,1.042,255
66228009.json,34,img/zhongren.png,0.22,1.042,255
66228009.json,35,img/banzangli.png,0.6,1.042,255
66228009.json,36,img/tianquanningguang.png,0.1,1.042,255
66228009.json,37,img/taoxiuxingrang.png,0.13,1.042,255
66228009.json,38,img/shentijiankang.png,0.5,1.042,255
66228009.json,39,img/feichangshihe.png,0.13,1.042,255
66228009.json,40,img/stjk.png,0.1,1.042,255
66228009.json,41,img/shaitaiyang.png,0.5,1.042,255
66228009.json,42,img/shaiyueliang.png,0.5,1.042,255
66228009.json,43,img/shenglaobingsi.png,0.6,1.042,255
66228009.json,44,img/yinyangyouxu.png,0.6,1.042,255
66228009.json,45,img/shihutao.png,0.3,1.042,255
66228009.json,46,img/hutao.png,0.2,1.042,255
66228009.json,47,img/hutaobuhuipiao.png,0.5,1.042,255
66228009.json,48,img/songniyiluzouhao.png,0.5,1.042,255
66228009.json,49,img/haobuhao.png,0.25,1.042,255


